date_of_post,post_text,Condition
2025-02-25T00:00:00Z,Manipulative-based instructional sequences can sup,TVA
2025-02-27T00:00:00Z,Using multiple representations promotes multiplica,Text Only
2025-03-04T00:00:00Z,Intentionally implementing explicit instruction an,Text Only
2025-03-06T00:00:00Z,Direct instruction (DI) in small groups can help s,TVA
2025-03-25T00:00:00Z,Data-based individualization is an iterative proce,Text Only
2025-03-27T00:00:00Z,The number line is a powerful instructional tool t,TVA
2025-04-01T00:00:00Z,Students with disabilities can benefit from the us,TVA
2025-04-03T00:00:00Z,Fluency practice in math can help students with di,Text Only
2025-04-08T00:00:00Z,The framework described in the article can support,TVA
2025-04-10T00:00:00Z,Visual organization of structured work systems and,Text Only
2025-04-15T00:00:00Z,The Math Frame is a strategy teachers can use to h,Text Only
2025-04-17T00:00:00Z,Intensifying and individualizing instruction for s,TVA
2025-04-22T00:00:00Z,There are ways to change and individualize instruc,Text Only
2025-04-24T00:00:00Z,General Heuristic Instruction can help students wi,TVA
2025-04-29T00:00:00Z,Four interconnected domains of math practices can ,TVA
2025-05-01T00:00:00Z,Six instructional recommendations can be used to d,Text Only
2025-05-06T00:00:00Z,A diagnostic interview can be a helpful tool to ad,TVA
2025-05-08T00:00:00Z,"The DBI framework, as applied to math intervention",Text Only
2025-05-13T00:00:00Z,A six-step process can support teachers in identif,Text Only
2025-05-15T00:00:00Z,Multidimensional assessment can allow educators to,TVA
2025-05-20T00:00:00Z,The use of progress-monitoring data for instructio,Text Only
2025-05-22T00:00:00Z,Co-teaching in math courses can offer students wit,TVA
2025-05-27T00:00:00Z,Cover-copy-compare is an activity that can help st,TVA
2025-05-29T00:00:00Z,Station learning can help to ensure strong academi,Text Only
2025-06-03T00:00:00Z,Evidence-based math instructional practices in a c,TVA
2025-06-05T00:00:00Z,Using attack strategies in conjunction with schema,Text Only
2025-06-10T00:00:00Z,Using the recommendations outlined in this article,Text Only
2025-06-12T00:00:00Z,This framework supports teachers' use of diagnosti,TVA
2025-06-17T00:00:00Z,Shared story reading in math can provide real worl,Text Only
2025-06-19T00:00:00Z,Two high-leverage math practices (teaching with ex,TVA
2025-06-24T00:00:00Z,Graphic organizers and task analyses can be tools ,TVA
2025-06-26T00:00:00Z,Students with disabilities at the high school leve,Text Only
